1,1197907459700953179,skpf2p,"12:00:00 AM 3/11/2024"
2,1174386207728357386,bzerk0260,"12:45:00 AM 3/12/2024"
3,1166505097321259060,sedrick_69503,"12:00:02 AM 3/13/2024"
4,1169643918250496020,blood083_85809,"12:00:00 AM 3/14/2024"
5,1173109978417090604,sgtextenze_80725,"12:00:09 AM 3/16/2024"
6,803106564373610506,arkatdt,"12:00:00 AM 3/17/2024"
7,1156948953124847648,harsha03.,"12:00:00 AM 3/18/2024"
8,572694901376942081,alexnpo,"12:00:37 AM 3/19/2024"
9,632678657533673484,elksan73,"12:00:00 AM 3/20/2024"
10,337987973209522176,archeus2023,"12:00:07 AM 3/21/2024"
11,1203187659296473151,fiery_gull_22182,"12:00:01 AM 3/22/2024"
12,514472410825621529,camlou,"12:00:00 AM 3/23/2024"
13,1219765870507593779,emiths_77631,"12:00:00 AM 3/24/2024"
14,1074602493964734534,ariess_25385,"12:00:00 AM 3/25/2024"
15,399540988726738944,empi36oo,"12:00:00 AM 3/26/2024"
16,1201833706638299157,jeffreybuijl_25357,"12:00:00 AM 3/27/2024"
17,818732650931683328,yoruboi_92,"12:00:00 AM 3/28/2024"
18,571816574315528193,dakfs,"12:00:03 AM 3/29/2024"
19,693115768648237117,femrill,"12:00:00 AM 3/30/2024"
20,416463487565299732,fkuchelios,"12:00:00 AM 3/31/2024"
21,483779114755686412,tomyb499,"12:00:01 AM 4/1/2024"
22,124129085558358016,chibi.s90,"12:00:01 AM 4/2/2024"
23,139558424261296128,synxiec,"12:00:01 AM 4/3/2024"
24,1108639528727617577,redwolf1750_95235,"12:00:07 AM 4/4/2024"
25,223499839483281418,rngezuus,"12:00:03 AM 4/5/2024"
26,1154001230440443984,ironbritches_84189,"12:00:00 AM 4/6/2024"
